"SampleName";"Marker";"Allele1";"Allele2"
"genRef1";"D1S1656";"[TAGA]13 [TGTG]2 TG";"[TAGA]4 TGA [TAGA]11 TAGG [TGTG]2 TG"
"genRef1";"TPOX";"[AATG]10";"[AATG]11"
"genRef1";"D2S441";"[TCTA]8 TCTG TCTA";"[TCTA]11"
"genRef1";"D2S1338";"[TGCC]7 [TTCC]16 GTCC [TTCC]2";"[TGCC]7 [TTCC]13"
"genRef1";"D3S1358";"TCTA [TCTG]2 [TCTA]14";"TCTA [TCTG]2 [TCTA]11"
"genRef1";"D4S2408";"[ATCT]9";"[ATCT]10"
"genRef1";"FGA";"[TTTC]3 TTTT TTCT [CTTT]15 CTCC [TTCC]2";"[TTTC]3 TTTT TTCT [CTTT]13 CTCC [TTCC]2"
"genRef1";"D5S818";"[AGAT]12 AGAG";"[AGAT]13 AGAG"
"genRef1";"CSF1PO";"[AGAT]12";"[AGAT]12"
"genRef1";"D6S1043";"[AGAT]12 ACAT [AGAT]5";"[AGAT]11 ACAT [AGAT]5"
"genRef1";"D7S820";"[GATA]9 GACA GATT GATA GTTT";"[GATA]10 GACA GATT GATA GTTT"
"genRef1";"D8S1179";"[TCTA]12";"[TCTA]8"
"genRef1";"D9S1122";"TAGA TCGA [TAGA]10";"TAGA TCGA [TAGA]12"
"genRef1";"D10S1248";"[GGAA]15";"[GGAA]14"
"genRef1";"TH01";"[AATG]6 ATG [AATG]3";"[AATG]6"
"genRef1";"VWA";"TCTA [TCTG]4 [TCTA]12 TCCA TCTA";"TCTA [TCTG]4 [TCTA]14 TCCA TCTA"
"genRef1";"D12S391";"[AGAT]14 [AGAC]9";"[AGAT]12 [AGAC]6 AGAT"
"genRef1";"D13S317";"[TATC]12 AATC [ATCT]3 TTCT GTCT GTC";"[TATC]8 [AATC]2 [ATCT]3 TTCT GTCT GTC"
"genRef1";"PENTA E";"[AAAGA]12";"[AAAGA]14"
"genRef1";"D16S539";"[GATA]13";"[GATA]12"
"genRef1";"D17S1301";"[AGAT]11";"[AGAT]11"
"genRef1";"D18S51";"[AGAA]13 AAAG AGAG AG";"[AGAA]17 AAAG AGAG AG"
"genRef1";"D19S433";"AAGG AAAG AAGG TAGG [AAGG]12 AGAG AGGA AGAA AGAG AG";"AAGG AAAG AAGG TAGG [AAGG]12 AGAG AGGA AGAA AGAG AG"
"genRef1";"D20S482";"[AGAT]14";"[AGAT]14"
"genRef1";"D21S11";"[TCTA]5 [TCTG]6 [TCTA]3 TA [TCTA]3 TCA [TCTA]2 TCCATA [TCTA]11";"[TCTA]5 [TCTG]6 [TCTA]3 TA [TCTA]3 TCA [TCTA]2 TCCATA [TCTA]11 TA TCTA"
"genRef1";"D22S1045";"[ATT]12 ACT [ATT]2";"[ATT]13 ACT [ATT]2"
"genRef2";"D1S1656";"[TAGA]4 TGA [TAGA]14 TAGG [TGTG]2 TG";"[TAGA]4 TGA [TAGA]11 TAGG [TGTG]2 TG"
"genRef2";"TPOX";"[AATG]8";"[AATG]8"
"genRef2";"D2S441";"[TCTA]4 TCA [TCTA]7";"[TCTA]10"
"genRef2";"D2S1338";"[TGCC]7 [TTCC]13 GTCC [TTCC]2";"[TGCC]6 [TTCC]11"
"genRef2";"D3S1358";"TCTA [TCTG]3 [TCTA]13";"TCTA [TCTG]2 [TCTA]13"
"genRef2";"D4S2408";"[ATCT]9";"[ATCT]9"
"genRef2";"FGA";"[TTTC]3 TTTT TTCT [CTTT]13 CTCC [TTCC]2";"[TTTC]3 TTTT TTCT [CTTT]16 CTCC [TTCC]2"
"genRef2";"D5S818";"[AGAT]11 AGAG";"[AGAT]11 AGAG"
"genRef2";"CSF1PO";"[AGAT]12";"[AGAT]13"
"genRef2";"D6S1043";"[AGAT]11 ACAT [AGAT]5";"[AGAT]12"
"genRef2";"D7S820";"[GATA]8 GACA GATT GATA GTTT";"[GATA]12 GACA GATT GATA GTTT"
"genRef2";"D8S1179";"[TCTA]13";"TCTA TCTG [TCTA]11"
"genRef2";"D9S1122";"[TAGA]12";"[TAGA]12"
"genRef2";"D10S1248";"[GGAA]14";"[GGAA]14"
"genRef2";"TH01";"[AATG]6 ATG [AATG]3";"[AATG]6"
"genRef2";"VWA";"TCTA [TCTG]3 [TCTA]11 TCCA TCTA";"TCTA [TCTG]4 [TCTA]12 TCCA TCTA"
"genRef2";"D12S391";"[AGAT]14 [AGAC]6 AGAT";"[AGAT]11 [AGAC]6 AGAT"
"genRef2";"D13S317";"[TATC]14 [AATC]2 [ATCT]3 TTCT GTCT GTC";"[TATC]12 AATC [ATCT]3 TTCT GTCT GTC"
"genRef2";"PENTA E";"[AAAGA]17";"[AAAGA]7"
"genRef2";"D16S539";"[GATA]8";"[GATA]11"
"genRef2";"D17S1301";"[AGAT]12";"[AGAT]12"
"genRef2";"D18S51";"[AGAA]15 AAAG AGAG AG";"[AGAA]18 AAAG AGAG AG"
"genRef2";"D19S433";"AAGG AA AAGG TAGG [AAGG]15 AGAG AGGA AGAA AGAG AG";"AAGG AAAG AAGG TAGG [AAGG]12 AGAG AGGA AGAA AGAG AG"
"genRef2";"D20S482";"[AGAT]15";"[AGAT]12"
"genRef2";"D21S11";"[TCTA]6 [TCTG]5 [TCTA]3 TA [TCTA]3 TCA [TCTA]2 TCCATA [TCTA]10";"[TCTA]5 [TCTG]6 [TCTA]3 TA [TCTA]3 TCA [TCTA]2 TCCATA [TCTA]11 TA TCTA"
"genRef2";"D22S1045";"[ATT]13 ACT [ATT]2";"[ATT]13 ACT [ATT]2"
